{
  "564016491": {
    "temperature": 0.638,
    "top_k": 49,
    "top_p": 0.752,
    "repetition_penalty": 2.151,
    "length_penalty": 1.08,
    "speed": 1.126,
    "notifications": true,
    "dotX": 54.596623507413,
    "dotY": 82.05788005482066
  }
}