{
  "564016491": {
    "temperature": 2,
    "top_k": -1,
    "top_p": 0.928,
    "repetition_penalty": 1.27,
    "length_penalty": 0.638,
    "speed": 2,
    "notifications": true,
    "dotX": 52.81992478804155,
    "dotY": -1.3881718028675427
  }
}