{
  "564016491": {
    "temperature": 0.933,
    "top_k": 92,
    "top_p": 0.945,
    "repetition_penalty": 1.207,
    "length_penalty": 0.605,
    "speed": 4,
    "notifications": false,
    "dotX": 51.653536016290836,
    "dotY": 1.5035837346857244
  }
}