epoch,avg_loss,accuracy,learning_rate
1,0.3638302891277799,88.72549019607843,0.001
2,0.12529091303255044,98.03921568627452,0.001
3,0.10046096398111652,98.03921568627452,0.001
4,0.08378381161567043,98.03921568627452,0.001
5,0.09920408752034693,98.03921568627452,0.001
